date,meeting,title
基本形,取締役会,直営店出店の件（ブランド名 店舗名）
基本形,取締役会,直営店出店の件（ブランド名 店舗名/出店国）
基本形,経営会議,FCによる出店の件（ブランド名 店舗名）
基本形,経営会議,"出店国FCによる出店の件（ブランド名 店舗名）
"
基本形,取締役会,●●法人による直営店出店の件（ブランド名 店舗名）
基本形,経営会議,"●●法人のFCによる出店の件（ブランド名 店舗名）
"
基本形,経営会議,ブランド名 催事出店の件
基本形,経営会議,海外におけるPOPUP出店の件（ブランド名/出店国）
基本形,経営会議,FCによるブランド名 催事出店の件
基本形,経営会議,出店国FCによるPOPUP出店の件（ブランド名）
基本形,経営会議,●●法人によるPOPUP出店の件（ブランド名）
基本形,経営会議,●●法人のFCによるPOPUP出店の件（ブランド名）
基本形,経営会議,直営店閉店の件（ブランド名 店舗名）
基本形,経営会議,直営店閉店の件（ブランド名 店舗名/出店国）
基本形,経営会議,FCによる店舗閉店の件（ブランド名 店舗名）
基本形,経営会議,出店国FCによる店舗閉店の件（ブランド名 店舗名）
基本形,経営会議,●●法人による直営店閉店の件（ブランド名 店舗名）
基本形,経営会議,●●法人のFCによる店舗閉店の件（ブランド名 店舗名）
基本形,経営会議,ブランド名 店舗名 契約更新の件
基本形,経営会議,ブランド名 「商品名」期間限定販売の件
基本形,経営会議,出店国におけるブランド名 「商品名」期間限定販売の件
基本形,経営会議,FCによるブランド名「商品名」期間限定販売の件
基本形,経営会議,出店国FCによるブランド名「商品名」期間限定販売の件
基本形,経営会議,●●法人によるブランド名 「商品名」期間限定販売の件
基本形,経営会議,●●法人のFCによるブランド名 「商品名」期間限定販売の件
基本形,経営会議,ブランド名 卸販売の件（販売場所名での販売）
基本形,経営会議,出店国におけるブランド名 卸販売の件（販売場所名での販売）
基本形,経営会議,●●法人によるブランド名 卸販売の件（販売場所名での販売）
2024年3月28日,経営会議,PRESS BUTTER SAND卸販売の件（中部国際空港）
2024年3月28日,経営会議,PRESS BUTTER SAND卸販売の件（新横浜グランドキヨスク）
2024年3月28日,経営会議,PRESS BUTTER SAND催事出店の件
2024年3月28日,経営会議,八 by PRESS BUTTER SAND催事出店の件
2024年3月28日,経営会議,韓国FCによるBAKE CHEESE TART「チョコバナナチーズタルト」期間限定販売の件
2024年3月28日,経営会議,韓国FCによるPRESS BUTTER SAND「ヘーゼルナッツショコラ」及び「苺ショコラ」期間限定販売の件
2024年3月28日,経営会議,韓国FCによるRAPL「焼きたてカスタードアップルパイいちじく」期間限定販売の件
2024年3月28日,経営会議,US法人によるRAPL「アップルパイいちじく」期間限定販売の件
2024年3月28日,経営会議,US法人によるBAKE CHEESE TART「はちみつレモンチーズタルト」及び「キャラメルチーズタルト」期間限定販売の件
2024年3月28日,経営会議,US法人によるPRESS BUTTER SAND販売の件
2024年3月28日,経営会議,オンラインチャネルにおける6月発売商品の件
2024年3月8日,経営会議,オンラインチャネルにおける4月販売商品の件
2024年3月8日,経営会議,PRESS BUTTER SAND催事出店の件
2024年3月8日,経営会議,八 by PRESS BUTTER SANDイイトルミネ新宿店OPEN施策商品販売の件
2024年3月8日,経営会議,シンガポールFCによるPRESS BUTTER SAND「バターサンドスリーブ２種セット」販売の件
2024年3月8日,経営会議,韓国FCによる出店の件（PRESS BUTTER SAND新世界百貨店センタムシティ店）
2024年3月8日,経営会議,香港法人によるPRESS BUTTER SAND「バターサンドヘーゼルナッツショコラ」販売の件
2024年3月8日,経営会議,香港法人によるBAKE CHEESE TART「さくらチーズタルト」期間限定販売の件
2024年3月8日,経営会議,PRESS BUTTER SAND卸販売の件
2024年3月8日,経営会議,BAKE CHEESE TART 春プロモーションの件
2024年2月27日,経営会議,BAKE CHEESE TART催事出店の件（グランデュオ立川）
2024年2月27日,経営会議,PRESS BUTTER SAND催事出店の件
2024年2月27日,経営会議,PRESS BUTTER SAND卸販売の件（お中元カタログ掲載）
2024年2月27日,経営会議,プレスバターサンドギャラリーバターサンド「３種詰め合わせ」販売の件
2024年2月27日,経営会議,PRESS BUTTER SAND夏期商材期間限定販売の件
2024年2月27日,経営会議,韓国FCによるPOPUP出店の件（BAKE CHEESE TART現代百貨店狎鴎亭店）
2024年2月9日,経営会議,RINGO焼きたてカスタードアップルパイ「ダブルベリー」期間限定販売の件
2024年2月9日,経営会議,八 by PRESS BUTTER SAND地域限定詰め合わせセット販売の件
2024年2月9日,経営会議,八 by PRESS BUTTER SAND和バターサンド「あんバター」販売の件
2024年2月9日,経営会議,しろいし洋菓子店催事出店の件
2024年2月9日,経営会議,PRESS BUTTER SAND催事出店の件
2024年2月9日,経営会議,PRESS BUTTER SAND催事出店の件（新潟伊勢丹延長）
2024年2月9日,経営会議,PRESS BUTTER SAND催事出店の件（仙台延長）
2024年2月9日,経営会議,PRESS BUTTER SAND卸販売の件（株式会社JR東海リテイリング・プラス）
2024年2月9日,経営会議,PRESS BUTTER SAND卸販売の件（日本空港ビルディング株式会社）
2024年2月9日,経営会議,オンラインチャネルにおける３月発売商品の件
2024年2月9日,経営会議,オンラインチャネルにおける母の日商品販売の件
2024年2月9日,経営会議,US法人によるBAKE CHEESE TART「バレンタインデコレーションタルト」期間限定販売の件
2024年2月9日,経営会議,香港法人によるBAKE CHEESE TART「ピスタチオベリーチーズタルト」期間限定販売の件
2024年2月9日,経営会議,韓国FCによる出店の件（BAKE the SHOP新世界百貨店江南店）
2024年2月9日,経営会議,韓国FCによるBAKE CHEESE TART「チョコレートスモアチーズタルト」期間限定販売の件
2024年2月9日,経営会議,韓国FCによるRAPL焼きたてカスタードアップルパイ「アールグレイ」および「ショコラ」期間限定販売の件
2024年2月9日,経営会議,2024年6月期上期賞与支給の件
2024年1月24日,経営会議,caica「ショコラブラウンケーキ」販売の件
2024年1月24日,経営会議,韓国FCによるPRESS BUTTER SAND「アソートボックス」および「レッドスリーブセット」期間限定販売の件
2024年1月24日,経営会議,韓国FCによるBAKE CHEESE TART「ピスタチオベリーチーズタルト」期間限定販売の件
2024年1月24日,経営会議,韓国FCによるBAKE CHEESE TART「大人のチーズタルト」期間限定販売の件
2024年1月24日,経営会議,香港法人による定期賞与支給の件
2024年1月24日,経営会議,台湾法人による定期賞与支給の件
2024年1月24日,経営会議,BAKE CHEESE TART「焼きたてチーズタルトさくら」期間限定販売の件
2024年1月24日,経営会議,直営店閉店の件（RINGO岡山一番街店）
2024年1月24日,経営会議,BAKE CHEESE TARTグランデュオ立川店契約条件変更の件
2024年1月12日,経営会議,RINGO焼きたてカスタードアップルパイ「ミックスジュース」期間限定販売の件
2024年1月12日,経営会議,PRESS BUTTER SAND卸販売の件（たまひよ内祝いカタログでの販売）
2024年1月12日,経営会議,オンラインチャネルにおけるポストイン型商品販売の件
2024年1月12日,経営会議,台湾法人によるPRESS BUTTER SAND「新春バターサンド３種詰め合わせ」期間限定販売の件
2024年1月12日,経営会議,シンガポールFCによるPRESS BUTTER SAND ALLERY「ヘーゼルナッツショコラ」販売の件
2023年12月21日,経営会議,PRESS BUTTER SAND催事出店の件
2023年12月21日,経営会議,caica催事出店の件
2023年12月21日,経営会議,BAKE the SHOP大丸心斎橋店契約更新の件
2023年12月21日,経営会議,RINGO卸販売の件（タカシマヤオンライン）
2023年12月21日,経営会議,BAKE CHEESE TART焼きたてチーズタルトいちごミルク期間限定販売の件
2023年12月21日,経営会議,BAKE CHEESE TART焼きたてチーズタルトチョコバナナ期間限定販売の件
2023年12月21日,経営会議,RINGO焼きたてカスタードアップルパイショコラストロベリー期間限定販売の件
2023年12月21日,経営会議,PRESS BUTTER SAND「2024年バレンタイン焼きたて商材期間限定販売」の件
2023年12月21日,経営会議,プレスバターサンドギャラリーバターサンド「バニラホワイト」および関連商品販売の件
2023年12月21日,経営会議,直営店閉店の件（BAKE CHEESE TARTテラスモール湘南店）
2023年12月21日,経営会議,直営店閉店の件（RINGO岡山一番街店）
2023年12月21日,経営会議,オンラインチャネルにおける2024年1-2月発売商品の件
2023年12月21日,経営会議,韓国FCによるPRESS BUTTER SAND「新春バターサンド３種詰め合わせ」期間限定販売の件
2023年12月21日,経営会議,US法人によるBAKE CHEESE TARTクリームブリュレチーズタルト・クッキー＆クリームチーズタルト販売の件
2023年12月21日,経営会議,US法人による直営店閉店の件（BAKE CHEESE TARTウェストフィールドサンフランシスコセンター店） 
2023年12月8日,経営会議,BAKE CHEESE TART焼きたてチーズタルト「ゆずはちみつ」期間限定販売の件
2023年12月8日,経営会議,BAKE CHEESE TART焼きたてチーズタルト「ヘーゼルキャラメルショコラ」期間限定販売の件
2023年12月8日,経営会議,RINGO焼きたてカスタードアップルパイ「ショコラ＆ヘーゼルナッツ」期間限定販売の件
2023年12月8日,経営会議,RINGO焼きたてカスタードアップルパイ「「チャイ（Brew Tea Co.)」期間限定販売の件
2023年12月8日,経営会議,PRESS BUTTER SANDデセール・バターサンド「タルトフレーズ」および春・WD関連商品期間限定販売の件
2023年12月8日,経営会議,八 by PRESS BUTTER SAND八セット期間限定販売の件
2023年12月8日,経営会議,直営店閉店の件（BAKE CHEESE TART阪急西宮ガーデンズ店）
2023年12月8日,経営会議,直営店閉店の件（RINGO東京ミッドタウン店）
2023年12月8日,経営会議,BAKE the ONLINEにおけるCAKE.TOKYO掲載店商品販売の件
2023年12月8日,経営会議,Wamazing免税ECサービスでの商品販売の件
2023年12月8日,経営会議,香港法人によるPRESS BUTTER SANDデセール・バターサンド「ピスタチオ」期間限定販売の件
2023年12月8日,経営会議,香港法人によるRAPLカスタードアップルパイ「いちじく」期間限定販売の件
2023年11月30日,経営会議,北海道工場PRESS BUTTER SAND自動生地投入装置導入の件
2023年11月30日,経営会議,韓国FCによるPRESS BUTTER SAND「クリスマススリーブアソートセット」期間限定販売の件
2023年11月30日,経営会議,韓国FCによるPRESS BUTTER SAND「ホリデーギフトオーナメント」期間限定販売の件
2023年11月30日,経営会議,韓国FCによるPRESS BUTTER SAND「栗」期間限定販売の件
2023年11月30日,経営会議,US法人によるBAKE CHEESE TART「クリスマスデコレーションタルト」期間限定販売の件
2023年11月30日,経営会議,US法人によるRAPL 「クリスマスデコレーションアップルパイ」期間限定販売の件
2023年11月30日,経営会議,シンガポールFCによるPRESS BUTTER SAND商品販売の件
2023年11月30日,経営会議,PRESS BUTTER SAND催事出店の件
2023年11月30日,経営会議,caica催事出店の件
2023年11月30日,経営会議,しろいし洋菓子店催事出店の件
2023年11月10日,経営会議,PRESS BUTTER SAND催事出店の件
2023年11月10日,経営会議,BAKE CHEESE TARTクリスマス・年末年始商品期間限定販売の件
2023年11月10日,経営会議,BAKE CHEESE TART大人の焼きたてチーズタルト「スモーク」および「エダム」期間限定販売の件
2023年11月10日,経営会議,RINGO焼きたてカスタードアップルパイ「ピスタチオ」期間限定販売の件
2023年11月10日,経営会議,PRESS BUTTER SAND焼きたてバターサンド「いちじく」およびプレスバターサンドギャラリー焼きたてバターサンド「いちじくシナモン」期間限定販売の件
2023年11月10日,経営会議,八 by PRESS BUTTER SANDショコラばたふく期間限定販売の件
2023年11月10日,経営会議,八 by PRESS BUTTER SAND迎春セット期間限定販売の件
2023年11月10日,経営会議,しろいし洋菓子店2024年冬季限定商品販売の件
2023年11月10日,経営会議,香港法人によるBAKE CHEESE TART「塩キャラメルチーズタルト」期間限定販売の件
2023年11月10日,経営会議,香港法人によるPRESS BUTTER SAND「クリスマススリーブセット」期間限定販売の件
2023年11月10日,経営会議,香港法人によるPRESS BUTTER SAND「新春アソートボックス2024」期間限定販売の件
2023年10月26日,経営会議,PRESS BUTTER SAND、八 by PRESS BUTTER SAND催事出店の件
2023年10月26日,経営会議,PRESS BUTTER SAND卸販売の件（新千歳空港ANA FESTA販売延長）
2023年10月26日,経営会議,プレスバターサンドギャラリーバターサンド「ヘーゼルナッツショコラ」及びバレンタイン関連商品期間原点販売の件
2023年10月26日,経営会議,直営店閉店の件（BAKE CHEESE TARTジェイアール名古屋タカシマヤ店）
2023年10月26日,経営会議,香港法人によるPRESS BUTTER SAND「焼芋ブリュレ」期間限定販売の件
2023年10月26日,経営会議,US法人によるBAKE CHEESE TART「メープルナッツチーズタルト」期間限定販売の件
2023年10月26日,経営会議,US法人によるRAPL「RAPLアップルパイ　オリジナル・ヘーゼルナッツチョコレート」販売の件
2023年10月26日,経営会議,韓国FCによるPRESS BUTTER SAND「焼芋ブリュレ」期間限定販売の件
2023年10月26日,経営会議,韓国FCによるPRESS BUTTER SAND「ピスタチオ」期間限定販売の件
2023年10月26日,経営会議,オンラインチャネルにおける2023年11-12月発売商品の件
2023年10月26日,経営会議,オンラインチャネルにおける2024年バレンタイン商品期間限定販売の件
2023年10月26日,経営会議,固定資産売却の件
2023年10月13日,経営会議,PRESS BUTTER SAND「2024年バレンタイン商材」期間限定販売の件
2023年10月13日,経営会議,PRESS BUTTER SAND「2024年福袋商品」期間限定販売の件
2023年10月13日,経営会議,オンラインチャネルにおける2023年11-12月販売商品の件
2023年10月13日,経営会議,香港法人によるPRESS BUTTER SAND「焼きたてバターサンド」販売の件
2023年9月28日,経営会議,PRESS BUTTER SAND、八 by PRESS BUTTER SAND催事出店の件
2023年9月28日,経営会議,PRESS BUTTER SAND卸販売の件（加古川ヤマトヤシキ、井上百貨店、中部国際空港買取催事）
2023年9月28日,経営会議,PRESS BUTTER SAND卸販売の件（新千歳空港ANA FESTA期間延長）
2023年9月28日,経営会議,BAKE CHEESE TART焼きたてチーズタルト「塩キャラメル」期間限定販売の件
2023年9月28日,経営会議,RINGOカスタードアップルパイ「メープルウォールナッツ」期間限定販売の件
2023年9月28日,経営会議,RINGO「モンブランパイ」期間限定販売の件
2023年9月28日,経営会議,プレスバターサンドギャラリー焼きたてバターサンド「シナモンミックス」および焼きたてバターサンドWinterセット期間限定販売の件
2023年9月28日,経営会議,オンラインチャネルにおける2023年10月販売商品の件
2023年9月28日,経営会議,US法人によるBAKE CHEESE TART「ハロウィンデコレーションタルト」期間限定販売の件
2023年9月28日,経営会議,US法人によるBAKE CHEESE TART「ドルセデレチェナッツチーズタルト」期間限定販売の件
2023年9月28日,経営会議,香港法人によるPOPUP出店の件（八by PRESS BUTTER SAND）
2023年9月8日,経営会議,RINGO卸販売の件（コープきんき、コープこうべ）
2023年9月8日,経営会議,PRESS BUTTER SAND、八 by PRESS BUTTER SAND催事出店の件
2023年9月8日,経営会議,BAKE CHEESE TART催事出店の件
2023年9月8日,経営会議,PRESS BUTTER SAND「ショコラバターサンド」期間限定販売の件
2023年9月8日,経営会議,香港法人によるPRESS BUTTER SAND「珈琲」期間限定販売の件
2023年9月8日,経営会議,香港法人によるBAKE CHEESE TART「フルーティーチーズタルト」期間限定販売の件
2023年9月8日,経営会議,韓国FCによるPRESS BUTTER SAND「赤スリーブアソートセット」期間限定販売の件
2023年9月8日,経営会議,US法人によるBAKE CHEESE TART「クアトロチーズタルト」期間限定販売の件
2023年9月8日,経営会議,US法人によるBAKE CHEESE TARTノベルティ期間限定販売の件
2023年9月8日,経営会議,FY24楽天BTO３周年施策実施の件
2023年9月8日,経営会議,オンライン限定PRESS BUTTER SAND２種贈り物スリーブセット期間限定販売の件
2023年8月29日,経営会議,PRESS BUTTER SAND催事出店の件（新潟伊勢丹）
2023年8月29日,経営会議,PRESS BUTTER SAND、八 by PRESS BUTTER SAND卸販売の件（2023年お歳暮商戦）
2023年8月29日,経営会議,直営店閉店の件（BAKE CHEESE TARTコトチカ京都店）
2023年8月29日,経営会議,八 by PRESS BUTTER SANDばたふく「モンブラン」期間限定販売の件
2023年8月29日,経営会議,PRESS BUTTER SAND「2023年お歳暮商品」期間限定販売の件
2023年8月29日,経営会議,香港法人によるBAKE CHEESE TART「メープルナッツチーズタルト」期間限定販売の件
2023年8月29日,経営会議,香港におけるBAKE CHEESE TART「プレーン」販売価格変更の件
2023年8月29日,経営会議,香港におけるPRESS BUTTER SAND「プレーン」販売価格変更の件
2023年8月29日,経営会議,香港法人による定期賞与支給の件
2023年8月29日,経営会議,韓国FCによるBAKE CHEESE TART「メープルナッツチーズタルト」期間限定販売の件
2023年8月29日,経営会議,韓国FCによるPRESS BUTTER SAND「珈琲」期間限定販売の件
2023年8月29日,経営会議,台湾法人によるPRESS BUTTER SAND卸販売およびVivienne Westwoodとのコラボレーションの件
2023年8月29日,経営会議,台湾法人によるPOPUP出店の件（八 by PRESS BUTTER SAND、PRESS BUTTER SAND）
2023年8月29日,経営会議,US法人によるBAKE CHEESE TART「クリームブリュレチーズタルト」期間限定販売の件
2023年8月10日,経営会議,BAKE CHEESE TART「焼きたてチーズタルト 紫芋／安納芋スイートポテト／モンブラン／パンプキン」期間限定販売の件
2023年8月10日,経営会議,RINGO「焼きたてカスタードアップルパイ 紫芋／カラメルりんごのタタンパイ／焼きたてカスタードアップルパイ 安納芋スイートポテト」期間限定販売の件
2023年8月10日,経営会議,BAKE the SHOP自由が丘店リニューアルオープンの件
2023年8月10日,経営会議,PRESS BUTTER SAND、八 by PRESS BUTTER SAND催事出店の件
2023年8月10日,経営会議,香港法人によるPRESS BUTTER SAND「北海道とうきび」期間限定販売の件
2023年8月10日,経営会議,2023年6月期下期賞与支給の件
2023年7月27日,経営会議,PRESS BUTTER SAND卸販売の件（新千歳空港・羽田空港ANA FESTAでの販売）
2023年7月27日,経営会議,プレスバターサンドギャラリープレスバタークッキー「明太チーズ」販売の件
2023年7月27日,経営会議,PRESS BUTTER SAND「年末年始商品」期間限定販売の件
2023年7月27日,経営会議,八 by PRESS BUTTER SAND「秋冬商品」期間限定販売の件
2023年7月27日,経営会議,PRESS BUTTER SAND、八 by PRESS BUTTER SAND催事出店の件
2023年7月27日,経営会議,韓国FCによるPRESS BUTTER SAND「北海道れん乳とうきび」期間限定販売の件
2023年7月27日,経営会議,韓国FCによるPRESS BUTTER SAND「ラムレーズン」期間限定販売の件
2023年7月14日,経営会議,RINGO「RINGOポップ　ホワイト／ストロベリー」期間限定販売の件（ららぽーと豊洲3店）
2023年7月14日,経営会議,RINGO「焼きたてカスタードアップルパイ　いちじく」期間限定販売の件
2023年7月14日,経営会議,RINGO「焼きたてカスタードアップルパイ　アールグレイ〔Brew Tea Co〕」期間限定販売の件
2023年7月14日,経営会議,RINGO「焼きたてカスタードアップルパイ　ショコラ」販売の件
2023年7月14日,経営会議,BAKE CHEESE TART「果実のチーズタルト　マンゴー・パインココナッツ」期間限定販売の件
2023年7月14日,経営会議,PRESS BUTTER SAND、八 by PRESS BUTTER SAND催事出店の件
2023年7月14日,経営会議,PRESS BUTTER SAND卸販売の件（買取催事）
2023年7月14日,経営会議,RINGO催事出店の件
2023年7月14日,経営会議,北海道工場期間雇用者の昇給・昇格基準制定の件
2023年7月14日,経営会議,オンラインチャネルにおける23年8-9月発売商品の件
2023年7月14日,経営会議,US法人によるBAKE CHEESE TART「ベリーチョコレートチーズタルト」期間限定販売の件
2023年7月14日,経営会議,シンガポールパートナーによる出店の件(PRESS BUTTER SAND シンガポール高島屋店)
2023年6月29日,経営会議,PRESS BUTTER SAND・八 by PRESS BUTTER SAND催事出店の件
2023年6月29日,経営会議,PRESS BUTTER SAND卸販売の件（品川駅グランドキヨスク）
2023年6月29日,経営会議,PRESS BUTTER SAND卸販売の件（成田空港AKIHABARA）
2023年6月29日,経営会議,八 by PRESS BUTTER SAND卸販売の件（東京駅グランドキヨスク・成田空港AKIHABARA）
2023年6月29日,経営会議,BAKE CHEESE TART・RINGO卸販売の件（ふるさと納税）
2023年6月29日,経営会議,直営店閉店の件（BAKE CHEESE TARTアトレ浦和店） 
2023年6月9日,経営会議,BAKE CHEESE TART「フルーティーチーズタルト　マンゴー／パッション」期間限定販売の件
2023年6月9日,経営会議,BAKE CHEESE TART「手しぼりクリーミーチーズタルト」販売の件
2023年6月9日,経営会議,RINGO「ピーチプリンパイ」期間限定販売の件
2023年6月9日,経営会議,PRESS BUTTER SAND催事出店の件
2023年6月9日,経営会議,香港法人によるPRESS BUTTER SAND SOGO Causeway Bay店契約更新の件
2023年6月9日,経営会議,香港法人によるBAKE WORKS SOGO Causeway Bay店契約更新の件
2023年6月9日,経営会議,香港法人によるPRESS BUITTER SAND「チーズ」期間限定販売の件
2023年6月9日,経営会議,香港法人によるBAKE CHEESE TART「レモンチーズタルト」期間限定販売の件
2023年6月9日,経営会議,韓国FCによるPRESS BUTTER SAND「スリーブセット」販売の件
2023年6月9日,経営会議,韓国FCによるPRESS BUTTER SAND「苺ショコラ」期間限定販売の件
2023年6月9日,経営会議,米国法人によるBAKE CHEESE TART商品価格改定の件
2023年5月30日,経営会議,PRESS BUTTER SAND・八 by PRESS BUTTER SAND催事出店の件
2023年5月30日,経営会議,PRESS BUTTER SANDバターサンド「焼芋ブリュレ」関連商品期間限定販売の件
2023年5月30日,経営会議,PRESS BUTTER SAND卸販売の件（センカを通じた中国での販売）
2023年5月30日,経営会議,BAKE CHEESE TART「大人の焼きたてチーズタルト」期間限定販売の件
2023年5月30日,経営会議,BAKE the SHOP自由が丘店「フレンチトーストチーズタルト」期間限定販売の件
2023年5月30日,経営会議,大阪物流拠点再編の件
2023年5月30日,経営会議,オンラインチャネルにおける23年7月～8月販売商品の件
2023年5月30日,経営会議,BAKE the ONLINE3周年アニバーサリーセット期間限定販売の件
2023年5月12日,経営会議,八 by PRESS BUTTER SAND清見みかん・おりどら<苺>期間限定販売の件
2023年5月12日,経営会議,BAKE CHEESE TART焼きたてチーズタルトももヨーグルト期間限定販売の件
2023年5月12日,経営会議,RINGO焼きたてカスタードアップルパイチーズ＆レモン期間限定販売の件
2023年5月12日,経営会議,RINGO夏のプリンパイ期間限定販売の件
2023年5月12日,経営会議,PRESS BUTTER SAND卸販売の件（羽田空港国際線販売延長）
2023年5月12日,経営会議,PRESS BUTTER SAND催事出店の件
2023年5月12日,経営会議,PRESS BUTTER SAND東京ソラマチ店再契約及び売場拡張の件
2023年5月12日,経営会議,韓国FCによる販売促進（Unpisデザイン）の件（BAKE CHEESE TART / PRESS BUTTER SAND）
2023年5月12日,経営会議,韓国FCによるPOPUP出店の件（BAKE CHEESE TART）
2023年4月27日,経営会議,PRESS BUTTER SAND動画プロモーションの件
2023年4月27日,経営会議,PRESS BUTTER SAND催事出店の件
2023年4月27日,経営会議,北海道工場PRESS BUTTER SANDライン導入の件
2023年4月27日,経営会議,むさしの製菓との契約終了に伴う資産除却の件
2023年4月27日,経営会議,香港法人によるPRESS BUTTER SAND「檸檬」期間限定販売の件
2023年4月27日,経営会議,香港法人によるBAKE CHEESE TART「抹茶チーズタルト」期間限定販売の件
2023年4月27日,経営会議,台湾法人によるPOPUP出店の件（PRESS BUTTER SAND）
2023年4月14日,経営会議,台湾法人よるPRESS BUTTER SAND卸販売の件（新光三越カタログギフトでの販売）
2023年4月14日,経営会議,PRESS BUTTER SAND催事出店の件
2023年4月14日,経営会議,PRESS BUTTER SAND卸販売の件（東京駅グランキヨスクでの販売）
2023年4月14日,経営会議,PRESS BUTTER SAND卸販売の件（花弘での販売）
2023年4月14日,経営会議,人事制度改定の件
2023年4月14日,経営会議,BAKE CHEESE TART商品価格改定の件
2023年4月14日,経営会議,RINGO商品価格改定の件
2024年3月28日,取締役会,"BAKE USA, INC.に対する貸付の件"
2024年4月25日,取締役会,提起された訴訟に対する対応方針決定の件
2024年3月28日,取締役会,組織の変更、重要人事の決定及び執行役員の管掌部門・兼任変更の件
2024年3月28日,取締役会,取締役の管轄部門決定の件
2024年3月28日,取締役会,取締役社長に事故あるときの株主総会の招集権者及び議長の職務代行順序決定の件
2024年3月28日,取締役会,取締役社長に事故あるときの取締役会の招集権者及び議長の職務代行順序決定の件
2024年3月28日,取締役会,会社規程一部改定の件
2024年3月28日,取締役会,直営店出店の件（PRESS BUTTER SANDアルデ新大阪店）
2024年2月27日,取締役会,マネジメントリスクプロテクション保険加入（契約更新）の件
2024年2月26日,取締役会,シニア貸付契約一部変更の件
2024年2月26日,取締役会,メザニン投資契約一部変更の件
2024年2月26日,取締役会,株式会社商工組合中央金庫との金銭消費貸借契約一部変更の件
2024年1月24日,取締役会,コミットメントラインからの借入（借換）の件
2023年11月30日,取締役会,直営店出店の件（八 by PRESS BUTTER SANNDイイトルミネ店）
2023年11月30日,取締役会,直営店出店の件（PRESS BUTTER SAND・プレスバターサンドギャラリー広島新駅ビル（仮称）店）
2023年11月30日,取締役会,直営店出店の件（プレスバターサンドギャラリー有楽町マルイ店）
2023年11月30日,取締役会,新ブランドに係る事業計画およびブランドコンセプト承認の件（caica）
2023年11月30日,取締役会,子会社役員選任の件
2023年10月26日,取締役会,直営店出店の件（PRESS BUTTER SAND・八 by PRESS BUTTER SAND岩田屋本店）
2023年10月26日,取締役会,直営店出店の件（PRESS BUTTER SAND・八 by PRESS BUTTER SANDそごう千葉店）
2023年9月29日,取締役会,代表取締役選定の件
2023年9月29日,取締役会,役付取締役選定の件
2023年9月29日,取締役会,CEO及びCFO任命ならびCOO及びCBO選任の件
2023年9月29日,取締役会,取締役社長に事故あるときの株主総会の招集権者及び議長の職務代行順序決定の件
2023年9月29日,取締役会,取締役社長に事故あるときの取締役会の招集権者及び議長の職務代行順序決定の件
2023年9月29日,取締役会,取締役の管轄部門決定の件
2023年9月29日,取締役会,取締役の執行役員兼任及び執行役員の管轄部門決定の件
2023年9月29日,取締役会,取締役の部長兼任の件
2023年9月29日,取締役会,取締役報酬額決定の件
2023年9月29日,取締役会,子会社役員選任の件
2023年9月29日,取締役会,監査法人ハイビスカスとの2024年６月期監査契約締結の件
2023年9月28日,取締役会,第6期事業報告及び計算書類並びにこれらの附属明細書承認の件
2023年9月28日,取締役会,取締役候補者及び監査役候補者決定の件
2023年9月28日,取締役会,第6回定時株主総会決議省略及び報告省略の件
2023年9月28日,取締役会,組織・業務分掌の変更及び役職者選任の件
2023年9月28日,取締役会,会社規程一部改定の件
2023年9月28日,取締役会,プライバシーポリシー改定の件
2023年9月28日,取締役会,"BAKE USA, Incに対する貸付の件"
2023年8月29日,取締役会,直営店出店の件（PRESS BUTTER SAND松坂屋上野店）
2023年8月29日,取締役会,直営店出店の件（BAKE the SHOPコトチカ京都店）
2023年8月29日,取締役会,BAKE USA Inc.への貸付契約変更の件
2023年8月29日,取締役会,台湾法人による直営店出店の件（PRESS BUTTER SAND新光三越ダイヤモンドタワー店）
2023年8月18日,取締役会,シニア貸付契約一部変更の件
2023年8月18日,取締役会,メザニン投資契約一部変更の件
2023年8月18日,取締役会,株式会社商工組合中央金庫との金銭消費貸借契約一部変更の件
2023年7月27日,取締役会,取締役の部長兼任の件
2023年7月27日,取締役会,チーフサステナビリティオフィサー(CSO)任命の件
2023年7月27日,取締役会,2024 年 6 月期連結予算承認の件
2023年6月30日,取締役会,CFO任命の件
2023年6月30日,取締役会,取締役社長に事故あるときの株主総会の招集権者及び議長の職務代行順序決定の件
2023年6月30日,取締役会,取締役社長に事故あるときの取締役会の招集権者及び議長の職務代行順序決定の件
2023年6月30日,取締役会,取締役の管轄部門決定の件
2023年6月29日,取締役会,会社規程一部変更の件
2023年6月29日,取締役会,新ブランドに係る事業計画およびブランドコンセプト承認の件（架空のパティスリーしろいし洋菓子店）
2023年6月29日,取締役会,PRESS BUTTER SAND長期催事出店の件（吉祥寺アトレ）
2023年6月29日,取締役会,取締役選任及び株主総会決議省略の件
2023年5月30日,取締役会,直営店出店の件(PRESS BUTTER SAND・八 by PRESS BUTTER SAND そごう広島店)
2023年4月28日,取締役会,"BAKE USA, INC.に対する貸付の件"
2023年4月27日,取締役会,子会社役員選任の件
2024年5月30日,取締役会,直営店出店の件（PRESS BUTTER SAND銀座三越店）
2024年6月7日,取締役会,"BAKE USA, INC.への貸付変更の件"
2024年4月12日,経営会議,RINGO「焼きたてカスタードピーチパイ」期間限定販売の件
2024年4月12日,経営会議,PRESS BUTTER SANDデセール・バターサンド「チーズタルト」及び関連商品期間限定販売の件
2024年4月12日,経営会議,caicaフロランタンショコラサンド「ココナッツ」期間限定販売の件
2024年4月12日,経営会議,PRESS BUTTER SAND催事出店の件（新宿小田急）
2024年4月12日,経営会議,PRESS BUTTER SAND催事出店の件
2024年4月12日,経営会議,RINGO「サマーバッグ」（グッズ）期間限定販売の件
2024年4月12日,経営会議,韓国FCによるPRESS BUTTER SAND「焼きたてバターサンド苺バタークリーム」販売の件
2024年4月25日,経営会議,しろいし洋菓子店催事出店の件
2024年4月25日,経営会議,caica催事出店の件
2024年4月25日,経営会議,PRESS BUTTER SAND催事出店の件
2024年4月25日,経営会議,PRESS BUTTER SAND卸販売の件（青森THREE）
2024年4月25日,経営会議,韓国FCによるBAKE CHEESE TART「ゆずはちみつチーズタルト」期間限定販売の件
2024年4月25日,経営会議,台湾法人によるPOPUP出店の件（PRESS BUTTER SAND、八 by PRESS BUTTER SAND誠品生活南西店）
2024年4月25日,経営会議,台湾法人によるPOPUP出店の件（PRESS BUTTER SAND、八 by PRESS BUTTER SAND誠品生活新店）
2024年5月10日,経営会議,PRESS BUTTER SAND催事出店の件（FY24催事開始分）
2024年5月10日,経営会議,PRESS BUTTER SAND催事出店の件（FY25催事開始分）
2024年5月10日,経営会議,八 by PRESS BUTTER SAND催事出店の件
2024年5月10日,経営会議,caica催事出店の件
2024年5月10日,経営会議,BAKE CHEESE TART催事出店の件
2024年5月10日,経営会議,しろいし洋菓子店催事出店の件
2024年5月10日,経営会議,PRESS BUTTER SAND卸販売の件（ニュートラルコーポレーション；モネ展）
2024年5月10日,経営会議,PRESS BUTTER SAND卸販売の件（成田空港ターミナル２AKIHABARA）
2024年5月10日,経営会議,株式会社バンダイとの「商品化ライセンス契約書」締結の件
2024年5月10日,経営会議,オンラインチャネルにおいえる6-7月商品販売の件
2024年5月10日,経営会議,オンラインチャネルにおけるcake.tokyo紹介商品販売の件（4-5月分）
2024年5月10日,経営会議,オンラインチャネルにおける選べるeギフト販売の件
2024年5月10日,経営会議,シンガポール法人によるPRESS BUTTER SAND「桃」期間限定販売の件
2024年5月30日,経営会議,PRESS BUTTER SAND催事出店の件
2024年5月30日,経営会議,PRESS BUTTER SAND催事出店の件(FY25分)
2024年5月30日,経営会議,PRESS BUTTER SAND卸販売の件（成田空港第一ターミナルFa SO La TAXFREE AKIHABARA）
2024年5月30日,経営会議,PRESS BUTTER SAND卸販売の件（株式会社JALUXエアポート）
2024年5月30日,経営会議,BAKE CHEESE TART焼きたてチーズタルト「アールグレイ」期間限定販売の件
2024年5月30日,経営会議,RINGO焼きたてオープンパイ「りんご」期間限定テスト販売の件
2024年5月30日,経営会議,RINGOアイスパイサンデー「チョコレート」、アイスパイサンデー「ピーチ」期間限定販売の件
2024年5月30日,経営会議,PRESS BUTTER SANDアイスサンド「檸檬」期間限定販売の件
2024年5月30日,経営会議,プレスバターサンドギャラリーバターサンドギャラリー4個入り店舗限定商品期間限定販売の件
2024年5月30日,経営会議,BAKE CHEESE TART「フロマージュタルト」店舗価格の件
2024年5月30日,経営会議,"BAKE INC,公式ラインアカウントエクスパンションプラン契約の件"
2024年5月30日,経営会議,デロイトトーマツフィナンシャルアドバイザリーとの業務委託契約締結の件
2024年6月14日,経営会議,韓国FCによるPOPUP出店の件（BAKE CHEESE TART釜山Bexco店）
2024年6月14日,経営会議,韓国FCによるPRESS BUTTER SAND焼きたてバターサンド「チョコレートバタークリーム」販売の件
2024年6月14日,経営会議,韓国FCによるPRESS BUTTER SAND「桃」・「プレーン／桃セット」期間限定販売の件
2024年6月14日,経営会議,PRESS BUTTER SAND催事出店の件
2024年6月14日,経営会議,caica催事出店の件
2024年6月14日,経営会議,PRESS BUTTER SANDバターサンド「珈琲」関連商品および2024年お歳暮商材期間限定販売の件
2024年6月14日,経営会議,八 by PRESS BUTTER SAND店舗周年施策商品期間限定販売の件
2024年6月14日,経営会議,PRESS BUTTER SAND卸販売の件（お歳暮各百貨店）
